{
    "score": 0.014232209737827795,
    "exact_accuracy": 0.01348314606741573,
    "accuracy": 0.0898876404494382,
    "hallucination": 0.07565543071161049,
    "missing": 0.8344569288389513,
    "n_miss": 1114,
    "n_correct": 120,
    "n_correct_exact": 18,
    "total": 1335
}